"","x"
"1",0.000395956518476878
"2",0.000395969865587784
"3",0.000395959814442408
"4",0.000395968535545336
"5",0.000395984470079756
"6",0.000395975043802186
"7",0.000395978267300836
"8",0.000395979606074315
"9",0.00039597956430965
"10",0.000395978103938152
"11",0.000395984078644492
"12",0.000396003081913415
"13",0.000396037260901991
"14",0.000396064910273156
"15",0.00039606879451695
"16",0.000396076588594825
"17",0.000396095282957558
"18",0.000396105034489228
"19",0.000396107065967775
"20",0.000396107483944867
"21",0.000396112827509446
"22",0.000396124916225907
"23",0.000396133939703582
"24",0.000396143380910905
"25",0.000396148484395752
"26",0.000396147317378729
"27",0.000396129601058348
"28",0.00039611933218558
"29",0.000396123037626077
"30",0.000396121107933575
"31",0.000396131006653654
"32",0.000396148881539816
"33",0.00039613006123325
"34",0.000396122693570973
"35",0.000396125607999847
"36",0.000396112649926175
"37",0.000396110539667499
"38",0.000396127739143474
"39",0.000396133851666317
"40",0.000396137716272577
"41",0.000396135397572608
"42",0.000396148399348262
"43",0.000396139103806856
"44",0.000396148644669175
"45",0.000396123727893582
"46",0.00039611729533601
"47",0.000396125270436375
"48",0.000396125998804249
"49",0.000396120448567505
"50",0.000396113662539584
"51",0.000396130637822182
"52",0.00039613535616502
"53",0.000396135795473641
"54",0.00039612797425787
"55",0.000396128127036227
"56",0.000396140412120461
"57",0.000396146105761777
"58",0.000396151926617618
"59",0.00039615681455599
"60",0.0003961660732757
"61",0.000396190481285526
"62",0.000396191080121839
"63",0.000396176230942225
"64",0.000396180711702633
"65",0.000396177566945552
"66",0.000396176895279249
"67",0.000396174755438444
"68",0.000396168253309203
"69",0.000396171351672318
"70",0.000396167878544661
"71",0.000396164163878251
"72",0.000396170686890347
"73",0.000396166977893942
"74",0.000396158253201539
"75",0.000396162303351941
"76",0.00039616630130721
"77",0.000396169320337991
"78",0.000396154933824513
"79",0.000396165150910274
"80",0.000396176037606695
"81",0.000396192449416394
"82",0.000396210015077672
"83",0.000396229025811334
"84",0.00039622896777145
"85",0.000396230893053266
"86",0.000396232544909268
"87",0.000396229094491794
"88",0.000396229265062806
"89",0.000396227359358227
"90",0.000396234608833509
"91",0.000396240044505676
"92",0.000396253118707875
"93",0.000396259917028385
"94",0.000396260434782356
"95",0.000396258538642508
"96",0.000396269211467747
"97",0.000396280113793594
"98",0.000396280922858294
"99",0.000396266457910458
"100",0.000396268758056897
"101",0.000396261655866471
"102",0.000396262628089893
"103",0.000396263790800567
"104",0.000396273715302329
"105",0.000396263737245622
"106",0.000396267748259136
"107",0.000396279648995566
"108",0.00039628142790673
"109",0.000396276709389036
"110",0.000396293121852699
"111",0.000396318797854674
"112",0.000396340508710508
"113",0.000396358410620917
"114",0.000396375079484795
"115",0.00039639113706173
"116",0.000396404070756312
"117",0.000396410146929831
"118",0.00039642134863587
"119",0.000396437649819621
"120",0.000396444025607612
"121",0.000396457724647953
"122",0.000396483992250692
"123",0.000396500641408465
"124",0.000396516172342256
"125",0.000396528691581841
"126",0.000396542483468143
"127",0.000396551144195052
"128",0.000396542594305307
"129",0.000396543329320966
"130",0.000396566116044721
"131",0.000396585959457384
"132",0.000396600739197826
"133",0.00039661135639726
"134",0.000396619657731322
"135",0.000396631642639281
"136",0.000396652094230639
"137",0.000396667195401875
"138",0.000396680504829013
"139",0.000396688964604845
"140",0.000396709429507894
"141",0.000396741156689382
"142",0.000396767340354004
"143",0.000396789227528488
"144",0.000396809895628059
"145",0.000396816646503156
"146",0.000396816133542943
"147",0.000396824831606768
"148",0.000396836832491286
"149",0.000396853137890456
"150",0.000396866563828703
"151",0.000396873921166166
"152",0.000396885915338766
"153",0.000396899852924171
"154",0.000396920641678133
"155",0.000396932482592431
"156",0.000396948796504013
"157",0.000396960128621869
"158",0.000396982044057168
"159",0.000397015247681208
"160",0.000397035558297573
"161",0.000397047428000811
"162",0.000397050182057057
"163",0.000397061526680465
"164",0.000397073842568876
"165",0.000397093689190738
"166",0.000397103139138477
"167",0.000397123311982207
"168",0.00039714083096621
"169",0.000397150062642658
"170",0.000397158555898318
"171",0.000397174190964542
"172",0.000397191175681195
"173",0.000397211928302635
"174",0.000397233711764995
"175",0.000397240223771102
"176",0.000397246908995649
"177",0.00039727034803361
"178",0.000397276466978012
"179",0.000397285915185279
"180",0.000397291260810001
"181",0.000397293897413403
"182",0.000397310870393896
"183",0.000397334600740774
"184",0.000397345566051848
"185",0.000397355572927893
"186",0.000397362444355598
"187",0.000397367300829546
"188",0.000397374509305928
"189",0.000397383851752124
"190",0.000397395434141679
"191",0.000397414124752467
"192",0.000397425024013235
"193",0.000397443341722401
"194",0.000397474513409801
"195",0.000397507232265312
"196",0.000397516442377936
"197",0.000397525543079815
"198",0.000397532163728181
"199",0.000397551906438452
"200",0.000397559174816179
"201",0.000397568553939741
"202",0.000397581512921201
"203",0.000397592306016608
"204",0.000397596546948981
"205",0.000397597890615463
"206",0.000397610480963722
"207",0.000397622698985666
"208",0.000397625161883709
"209",0.000397623026912421
"210",0.000397628149563617
"211",0.00039763135377476
"212",0.000397648365871134
"213",0.000397674559131997
"214",0.000397686789445905
"215",0.000397694142847146
"216",0.000397701861856117
"217",0.00039771659580805
"218",0.000397725579417756
"219",0.000397725007304833
"220",0.000397731170280834
"221",0.000397739077052163
"222",0.000397746695724612
"223",0.00039775618874487
"224",0.000397765919300447
"225",0.000397781312486236
"226",0.000397790801133565
"227",0.000397786143386056
"228",0.000397776384972494
"229",0.000397787962781251
"230",0.000397794109724371
"231",0.000397794174661607
"232",0.000397805799434474
"233",0.000397823324193405
"234",0.000397826373270414
"235",0.00039782297219076
"236",0.000397820525360668
"237",0.000397825446204222
"238",0.000397830426100135
"239",0.000397837631537051
"240",0.00039784116216544
"241",0.000397846346898374
"242",0.000397850271227036
"243",0.000397864071827759
"244",0.000397877848267863
"245",0.000397880880307167
"246",0.000397882365923319
"247",0.000397889007925821
"248",0.0003978989836352
"249",0.000397886022483327
"250",0.000397865992512898
"251",0.00039786497111242
"252",0.000397877971108899
"253",0.000397875758012488
"254",0.000397877881924263
"255",0.000397875934544105
"256",0.000397886315322651
"257",0.000397905068331706
"258",0.000397920374694983
"259",0.000397937368802279
"260",0.000397949652473802
"261",0.000397955454675161
"262",0.000397944439918755
"263",0.000397956203306826
"264",0.000397970300720083
"265",0.000397983291123669
"266",0.000397997168544068
"267",0.000398001654464876
"268",0.000398013536194596
"269",0.000398026136226092
"270",0.000398040911780497
"271",0.000398047780126587
"272",0.000398057436601196
"273",0.000398081696547943
"274",0.00039809039785659
"275",0.000398081001184983
"276",0.000398068252736822
"277",0.00039805016749215
"278",0.000398040869542383
"279",0.000398026462350464
"280",0.00039802555000061
"281",0.000398060544403738
"282",0.000398112727053421
"283",0.000398140317600893
"284",0.00039817000205683
"285",0.000398193481064264
"286",0.000398200671803718
"287",0.000398208028327718
"288",0.000398231343555653
"289",0.000398264178781198
"290",0.000398274003183128
"291",0.000398275259861103
"292",0.000398255357264806
"293",0.000398267848653489
"294",0.00039827247813223
"295",0.000398263715417375
"296",0.000398268910088661
"297",0.000398286540290633
"298",0.00039829527185739
"299",0.000398292709002479
"300",0.000398289025172983
"301",0.0003982858359312
"302",0.000398282997280674
"303",0.000398284202712056
"304",0.000398282870248614
"305",0.000398277342136799
"306",0.000398280099640466
"307",0.000398297618298309
"308",0.000398325915907878
"309",0.000398348050205062
"310",0.000398378526492441
"311",0.000398396388171215
"312",0.00039840468548276
"313",0.000398420014158981
"314",0.000398424083004933
"315",0.000398428066221357
"316",0.000398454272259251
"317",0.000398493049896291
"318",0.000398500625847125
"319",0.000398504213495079
"320",0.000398519043450731
"321",0.000398534599023722
"322",0.000398519954531992
"323",0.00039850900531137
"324",0.000398493269957057
"325",0.000398496242578971
"326",0.000398503111112547
"327",0.000398511343613174
"328",0.0003985387720652
"329",0.000398547994055201
"330",0.000398559338612796
"331",0.000398569512688888
"332",0.000398580607913628
"333",0.000398587721067782
"334",0.000398590290724778
"335",0.000398607539605256
"336",0.000398605835483598
"337",0.000398624553777306
"338",0.000398643093155007
"339",0.000398638843648314
"340",0.000398645351857464
"341",0.000398656252134575
"342",0.000398657204154296
"343",0.000398646251862313
"344",0.000398660528744448
"345",0.000398660364187496
"346",0.000398652316360425
"347",0.000398652481099631
"348",0.000398673297466725
"349",0.000398681431621574
"350",0.000398704566328801
"351",0.000398736719962427
"352",0.000398753137916415
"353",0.000398736767770115
"354",0.000398705801146624
"355",0.000398714652547613
"356",0.000398718335821134
"357",0.000398748980189582
"358",0.000398776034502971
"359",0.000398794141670396
"360",0.000398799955279658
"361",0.000398803243946726
"362",0.000398800705948406
"363",0.000398812232639958
"364",0.000398827545881496
"365",0.000398840432917122
"366",0.000398845047674674
"367",0.000398859247094616
"368",0.000398848165365462
"369",0.000398833591993535
"370",0.000398836341262545
"371",0.000398850543173197
"372",0.000398865097655033
"373",0.000398879378927892
"374",0.000398873068261837
"375",0.000398883521632255
"376",0.000398898575659047
"377",0.000398932190143764
"378",0.000398957387067032
"379",0.000398963425965228
"380",0.000398972497619108
"381",0.000398958088923092
"382",0.000398945663145429
"383",0.000398958066274843
"384",0.00039897564385105
"385",0.000398974993817588
"386",0.0003989614471844
"387",0.000398955914090327
"388",0.000398953565244571
"389",0.000398960432093611
"390",0.00039897682236018
"391",0.000399004050305993
"392",0.00039901285739089
"393",0.000399019840579598
"394",0.000399014043716809
"395",0.000399031750305031
"396",0.00039904676660751
"397",0.000399060390792257
"398",0.000399079568737828
"399",0.000399090203591628
"400",0.000399079412877849
"401",0.000399065141569377
"402",0.000399065944761125
"403",0.000399087058932112
"404",0.000399116254930598
"405",0.000399131971766341
"406",0.000399148486346712
"407",0.000399155064058332
"408",0.000399174922798553
"409",0.000399190207878697
"410",0.000399171452432528
"411",0.000399127884849589
"412",0.000399124982711667
"413",0.000399139059713286
"414",0.000399153872355456
"415",0.000399177706069383
"416",0.000399200128049052
"417",0.000399195159710009
"418",0.000399189796779483
"419",0.000399208508462952
"420",0.000399219432359955
"421",0.000399250391589052
"422",0.00039927826696414
"423",0.000399301842705704
"424",0.000399303727531199
"425",0.000399299446862903
"426",0.000399312425619766
"427",0.000399321145346549
"428",0.000399321598568338
"429",0.000399321435427171
"430",0.000399323553722682
"431",0.000399327033565156
"432",0.000399328720282822
"433",0.000399329514767585
"434",0.000399326648828764
"435",0.00039933548532547
"436",0.000399344303911649
"437",0.000399351908559195
"438",0.00039937701032355
"439",0.000399381684212668
"440",0.000399377572848952
"441",0.000399400805921363
"442",0.000399403037933931
"443",0.000399410705870152
"444",0.000399410939665707
"445",0.000399421573838883
"446",0.000399404293362363
"447",0.000399406710423987
"448",0.000399412880131203
"449",0.000399432764468549
"450",0.000399434247367625
"451",0.000399431778726024
"452",0.000399448902623808
"453",0.000399467330579268
"454",0.000399486650248918
"455",0.000399503597497037
"456",0.000399512593121153
"457",0.00039952140736818
"458",0.000399528859103511
"459",0.000399547494398084
"460",0.00039957722815143
"461",0.000399617700880505
"462",0.000399601567634542
"463",0.000399587351471405
"464",0.000399590600582396
"465",0.000399597715305275
"466",0.000399606823567087
"467",0.000399612197861726
"468",0.000399621840825363
"469",0.000399613399424056
"470",0.000399605346361073
"471",0.000399617875440502
"472",0.000399637341609046
"473",0.000399646955408866
"474",0.000399670412247857
"475",0.00039970415824465
"476",0.000399730603334177
"477",0.000399740439050954
"478",0.000399742557051292
"479",0.000399756998820968
"480",0.00039977260427477
"481",0.000399786237708631
"482",0.000399770757534615
"483",0.000399756443847433
"484",0.000399745330818839
"485",0.00039974023254914
"486",0.000399744039909752
"487",0.000399754415666709
"488",0.00039976045967383
"489",0.000399770817441783
"490",0.000399777023693701
"491",0.000399789223770259
"492",0.000399807611574658
"493",0.000399831908694977
"494",0.0003998552081285
"495",0.000399873440558372
"496",0.000399885380839432
"497",0.000399885133180089
"498",0.00039989126851361
"499",0.000399904975962697
"500",0.000399911011988534
"501",0.000399911122530454
"502",0.000399917722158824
"503",0.000399927742416519
"504",0.00039994241307866
"505",0.000399958750103743
"506",0.000399989006949772
"507",0.000400026730797339
"508",0.000400062718133459
"509",0.000400087007999805
"510",0.000400110517889511
"511",0.000400127608218481
"512",0.000400155993256472
"513",0.000400149825984833
"514",0.000400141685179551
"515",0.000400145199707397
"516",0.000400146787464787
"517",0.00040015534648427
"518",0.000400218061045646
"519",0.000400230619942257
"520",0.000400238633132077
"521",0.000400250014891892
"522",0.000400269855075265
"523",0.000400278721051897
"524",0.000400284695856571
"525",0.000400311608671684
"526",0.000400351501595791
"527",0.000400371039044342
"528",0.000400381168120473
"529",0.000400387819677768
"530",0.00040039580046471
"531",0.000400403496215892
"532",0.000400410598238751
"533",0.000400427009164881
"534",0.00040044295178014
"535",0.000400456563359502
"536",0.000400465791657306
"537",0.000400483434071891
"538",0.000400496421501407
"539",0.000400504862604572
"540",0.000400531190649765
"541",0.000400549363948385
"542",0.00040056447861674
"543",0.000400575436547385
"544",0.000400589064366969
"545",0.000400602921324365
"546",0.000400607896107754
"547",0.000400620598113271
"548",0.000400632260506221
"549",0.000400640306546335
"550",0.00040065419496885
"551",0.00040066658886175
"552",0.000400685154695617
"553",0.000400700068388288
"554",0.000400712149324948
"555",0.000400717522280541
"556",0.000400717748622277
"557",0.00040072581632776
"558",0.00040074393725042
"559",0.00040074552094806
"560",0.000400745460887977
"561",0.000400762217400533
"562",0.000400767881708342
"563",0.000400773798658384
"564",0.000400776997536051
"565",0.000400798446381687
"566",0.000400812383691915
"567",0.000400812930902815
"568",0.000400819458182146
"569",0.000400841263684571
"570",0.00040085309453308
"571",0.00040085395666448
"572",0.000400869453911653
"573",0.00040087021203226
"574",0.00040087016576908
"575",0.00040087103142348
"576",0.000400873780395012
"577",0.000400858126155107
"578",0.00040084360677794
"579",0.000400857291596014
"580",0.00040086984562262
"581",0.000400888580452947
"582",0.000400895233389872
"583",0.000400897379804626
"584",0.000400901500694097
"585",0.000400907727571696
"586",0.000400908797538439
"587",0.000400929551980544
"588",0.000400937293914337
"589",0.000400940091593492
"590",0.000400950313204291
"591",0.000400957794003112
"592",0.000400956334215542
"593",0.000400959208795437
"594",0.000400960112056831
"595",0.000400965411925954
"596",0.000400976275654319
"597",0.000400986133741645
"598",0.000400985233524354
"599",0.000400984269947243
"600",0.000400996207398831
"601",0.000401017183059887
"602",0.000401019834144299
"603",0.000401010108492434
"604",0.000401012600416284
"605",0.000401010107961826
"606",0.00040101570527466
"607",0.000401025665490629
"608",0.000401020294516915
"609",0.000401018340633018
"610",0.00040102263681723
"611",0.000401023414694749
"612",0.000401020995579675
"613",0.000401039839023295
"614",0.000401045191601305
"615",0.000401048944601464
"616",0.000401052876104122
"617",0.000401056119382852
"618",0.00040105280918162
"619",0.000401069807726019
"620",0.000401092007574345
"621",0.000401090112861238
"622",0.00040111780889059
"623",0.000401161585440856
"624",0.000401182975963541
"625",0.000401189051619638
"626",0.000401190343169358
"627",0.000401188861549065
"628",0.000401185207288368
"629",0.000401185699017894
"630",0.000401185015115985
"631",0.000401173468074068
"632",0.000401174006680712
"633",0.000401183541942995
"634",0.000401198575400631
"635",0.000401189588270716
"636",0.000401197239019986
"637",0.000401204894717007
"638",0.000401206375139434
"639",0.000401222803602162
"640",0.000401229078050096
"641",0.000401226488517444
"642",0.000401207411769903
"643",0.00040119674737103
"644",0.000401211248937124
"645",0.000401222690417739
"646",0.000401236750431235
"647",0.000401257887392004
"648",0.000401251701793717
"649",0.00040124766711331
"650",0.000401237017863053
"651",0.000401211035191143
"652",0.00040121530735027
"653",0.000401210768485101
"654",0.000401205732756249
"655",0.00040122610655999
"656",0.000401244942780553
"657",0.000401245322748451
"658",0.000401250433136508
"659",0.000401267480979122
"660",0.000401265399034576
"661",0.000401261385132304
"662",0.000401260720410841
"663",0.000401246608140759
"664",0.000401253673995466
"665",0.000401254986489175
"666",0.000401248649301428
"667",0.000401230813482467
"668",0.00040122450053601
"669",0.000401223671401571
"670",0.000401225645120854
"671",0.000401246712453739
"672",0.000401265550228194
"673",0.000401273813792823
"674",0.000401269992035474
"675",0.000401279422843282
"676",0.000401282456452424
"677",0.000401283120604859
"678",0.000401278076872776
"679",0.000401271639029952
"680",0.000401269595920487
"681",0.000401252995308566
"682",0.000401251744877015
"683",0.000401263240439032
"684",0.000401278164579554
"685",0.000401305781727373
"686",0.000401311566423122
"687",0.000401309490714078
"688",0.00040131764372639
"689",0.000401341371794502
"690",0.000401342055584123
"691",0.000401366672870689
"692",0.000401374716755711
"693",0.000401395065401861
"694",0.0004013916218802
"695",0.000401385303709351
"696",0.000401387156924806
"697",0.000401383413573166
"698",0.000401387957440066
"699",0.000401396441410708
"700",0.000401414778540085
"701",0.000401423681831511
"702",0.00040143045017694
"703",0.000401432957836993
"704",0.000401450298564016
"705",0.000401456813874995
"706",0.000401435287662884
"707",0.000401442603566453
"708",0.00040144398390458
"709",0.00040144922553167
"710",0.000401457977887972
"711",0.000401467394163159
"712",0.00040147730919381
"713",0.000401505918916461
"714",0.000401532599023622
"715",0.00040152751784495
"716",0.000401518957997276
"717",0.000401516780496079
"718",0.000401534594611883
"719",0.000401543911212014
"720",0.000401533434398725
"721",0.000401540002917591
"722",0.000401524906120367
"723",0.000401532949999558
"724",0.000401535650506584
"725",0.000401545419221018
"726",0.000401549193117011
"727",0.000401549141796268
"728",0.000401565619927405
"729",0.000401577232380811
"730",0.000401584606038481
"731",0.000401581377530001
"732",0.000401587990835759
"733",0.000401587273083085
"734",0.000401602896325774
"735",0.000401622788033572
"736",0.000401635105761421
"737",0.000401637009431539
"738",0.000401638137579283
"739",0.00040164108441222
"740",0.000401659693212523
"741",0.000401657082940535
"742",0.000401654110070694
"743",0.000401669588910827
"744",0.000401672510280985
"745",0.000401675247036173
"746",0.000401666122895995
"747",0.000401652732648787
"748",0.000401654027077595
"749",0.000401666002716133
"750",0.000401669489419456
"751",0.000401665556345107
"752",0.000401640420646978
"753",0.000401633814325006
"754",0.000401649839220573
"755",0.000401659693475106
"756",0.00040165698356114
"757",0.000401664531071388
"758",0.000401674055552263
"759",0.000401661751371328
"760",0.000401637397331831
"761",0.000401627324035282
"762",0.000401621583928956
"763",0.000401623009530706
"764",0.000401621784019362
"765",0.000401621489112947
"766",0.000401637391746135
"767",0.000401637728276448
"768",0.0004016450595656
"769",0.000401643673236721
"770",0.000401647831970406
"771",0.000401645069680309
"772",0.0004016559759711
"773",0.000401681246947737
"774",0.000401690906978566
"775",0.000401698601236083
"776",0.000401705530216302
"777",0.000401699189092015
"778",0.000401704012662979
"779",0.00040169733767367
"780",0.000401699127567408
"781",0.000401686525315948
"782",0.000401670073634971
"783",0.000401670417633232
"784",0.000401676576837361
"785",0.000401687369390888
"786",0.000401693232070786
"787",0.00040170274906302
"788",0.000401713066435089
"789",0.000401724825287443
"790",0.000401745498692538
"791",0.000401773768423185
"792",0.000401786761504103
"793",0.000401790313047972
"794",0.000401794801209823
"795",0.000401770963876167
"796",0.000401761408703091
"797",0.000401757650474874
"798",0.000401760658004299
"799",0.000401756260476086
"800",0.000401740748762313
"801",0.000401721835454852
"802",0.000401711759276983
"803",0.000401699846801811
"804",0.000401691496839615
"805",0.00040168970069059
"806",0.000401700226395079
"807",0.000401708583159083
"808",0.000401712153099842
"809",0.000401711693727065
"810",0.000401731286206743
"811",0.000401738375036102
"812",0.000401740426942196
"813",0.0004017371526718
"814",0.000401741964508347
"815",0.000401750891685558
"816",0.000401768647258432
"817",0.000401774496626113
"818",0.000401769118091704
"819",0.000401768987812239
"820",0.000401761311011689
"821",0.000401756246985074
"822",0.000401764344996299
"823",0.000401772874543324
"824",0.000401782986228232
"825",0.000401783770915619
"826",0.000401791578466324
"827",0.000401778566587023
"828",0.000401771693572377
"829",0.000401775993563631
"830",0.000401792449575004
"831",0.000401789574775729
"832",0.000401784747262471
"833",0.000401785825207534
"834",0.00040177906120471
"835",0.000401771400731832
"836",0.000401776860598361
"837",0.000401776664649325
"838",0.000401782825562911
"839",0.000401789361055816
"840",0.000401803817928813
"841",0.000401824775569218
"842",0.000401829518067857
"843",0.00040183414499897
"844",0.000401845466267412
"845",0.000401866094542877
"846",0.00040187369434345
"847",0.000401882385971619
"848",0.000401865584013847
"849",0.000401868341842106
"850",0.000401865783968201
"851",0.000401855320335783
"852",0.000401849368962602
"853",0.000401856282665412
"854",0.000401863573457552
"855",0.000401860071537882
"856",0.000401862611782964
"857",0.000401870534868984
"858",0.000401868752860849
"859",0.000401874996999517
"860",0.000401888697039694
"861",0.000401890349595091
"862",0.000401902222730253
"863",0.000401917412550632
"864",0.000401932095960741
"865",0.000401953666615997
"866",0.00040195787913493
"867",0.000401985885908932
"868",0.000402000790516815
"869",0.000401995768803443
"870",0.000402008375976199
"871",0.00040202726063744
"872",0.000402043467509239
"873",0.000402061543417878
"874",0.000402075774168206
"875",0.000402097956604196
"876",0.000402113179871151
"877",0.000402128921935711
"878",0.000402147102216195
"879",0.000402167403786293
"880",0.000402185048733674
"881",0.000402209713464988
"882",0.000402217897249478
"883",0.000402163699243528
"884",0.000402156604002134
"885",0.000402159400892739
"886",0.000402175367742031
"887",0.000402192877719443
"888",0.000402209738188807
"889",0.000402228805761802
"890",0.000402241494121862
"891",0.000402246280345653
"892",0.000402261444366379
"893",0.000402284850581575
"894",0.000402299717286236
"895",0.000402319714090815
"896",0.000402340447086059
"897",0.000402342664159385
"898",0.000402339389650726
"899",0.000402352261236701
"900",0.000402370301783396
"901",0.000402377724896128
"902",0.000402392492967234
"903",0.000402415348262293
"904",0.000402429372817643
"905",0.000402440500233694
"906",0.000402459780923765
"907",0.00040246502016584
"908",0.00040247344351941
"909",0.000402492804973408
"910",0.000402520537676536
"911",0.000402536198866204
"912",0.000402541158784814
"913",0.000402559116365448
"914",0.000402566877040365
"915",0.000402561765003776
"916",0.000402552833302092
"917",0.000402572811520409
"918",0.000402594872326484
"919",0.000402606725064664
"920",0.00040261600262031
"921",0.000402607714238833
"922",0.000402611466085059
"923",0.000402612083113739
"924",0.000402634040802959
"925",0.000402651793974068
"926",0.000402672593554384
"927",0.000402690165971305
"928",0.000402697322851728
"929",0.000402702899952762
"930",0.000402693936882861
"931",0.000402692315410133
"932",0.000402695235762867
"933",0.000402694630922756
"934",0.000402706515002804
"935",0.000402717541976257
"936",0.000402718830009045
"937",0.000402716649489006
"938",0.000402738507823709
"939",0.000402738799077279
"940",0.000402747948485597
"941",0.000402760381186188
"942",0.00040276322950997
"943",0.000402767450938664
"944",0.000402773631676192
"945",0.000402779547269355
"946",0.000402787735625815
"947",0.00040279875795304
"948",0.000402810109221789
"949",0.000402815089745211
"950",0.000402815063945452
"951",0.000402806711679546
"952",0.000402806479147321
"953",0.000402808609139317
"954",0.000402802567307739
"955",0.000402798014985685
"956",0.000402798814907808
"957",0.000402810662552797
"958",0.000402822041513154
"959",0.000402823616209155
"960",0.000402821120903557
"961",0.00040281446451897
"962",0.000402810664157882
"963",0.000402814084782738
"964",0.000402814150858868
"965",0.00040281604749516
"966",0.000402816516842755
"967",0.000402813288577876
"968",0.000402810064688128
"969",0.000402810612078595
"970",0.000402811885836396
"971",0.000402820337625006
"972",0.000402828224369868
"973",0.000402836395575213
"974",0.000402842712606651
"975",0.000402846720396912
"976",0.000402853469832219
"977",0.000402862658801219
"978",0.000402860869643828
"979",0.000402860601429222
"980",0.000402871047620793
"981",0.00040287442651965
"982",0.000402882281470858
"983",0.000402879448832129
"984",0.000402871857462979
"985",0.000402873437747956
"986",0.000402872162793968
"987",0.000402867945622596
"988",0.000402862107473795
"989",0.000402859693698304
"990",0.000402863409409526
"991",0.000402872636134805
"992",0.000402876367175187
"993",0.000402875487568607
"994",0.000402919653870714
"995",0.0004029786342775
"996",0.000402987186842586
"997",0.000403024797548057
"998",0.000403053800867241
"999",0.000403078483343301
"1000",0.000403110154029759
"1001",0.00040313173792325
"1002",0.000403152619783734
"1003",0.000403159772277092
"1004",0.000403176230455323
"1005",0.00040318695753291
"1006",0.000403196233946871
"1007",0.000403202067130406
"1008",0.000403210729118827
"1009",0.000403220199134846
"1010",0.00040322724119055
"1011",0.000403242589319782
"1012",0.000403267017245916
"1013",0.000403276420507274
"1014",0.000403285056341479
"1015",0.000403297807463512
"1016",0.000403302381988035
"1017",0.000403294887483909
"1018",0.000403290711537173
"1019",0.00040328716817631
"1020",0.000403300797231795
"1021",0.00040331642321417
"1022",0.000403333260999135
"1023",0.000403346913187064
"1024",0.000403344801206966
"1025",0.000403351209786768
"1026",0.00040335408326936
"1027",0.00040338262731274
"1028",0.000403390347200006
"1029",0.000403408732528208
"1030",0.000403420816351845
"1031",0.000403412664921065
"1032",0.000403402809550878
"1033",0.000403395773419312
"1034",0.000403389530581135
"1035",0.000403377947646632
"1036",0.00040337551502631
"1037",0.000403379438450502
"1038",0.000403389427894284
"1039",0.000403399066790913
"1040",0.00040342303629637
"1041",0.000403423102369812
"1042",0.00040341401574643
"1043",0.000403450643997781
"1044",0.000403476628350604
"1045",0.000403481353114372
"1046",0.000403476032625919
"1047",0.000403486957843406
"1048",0.000403499350565067
"1049",0.000403509933721295
"1050",0.00040350384966378
"1051",0.000403503470819594
"1052",0.000403498525358094
"1053",0.000403505137847557
"1054",0.000403518206569267
"1055",0.000403527544994968
"1056",0.000403550038036343
"1057",0.000403543561933398
"1058",0.000403543729388769
"1059",0.000403526047266772
"1060",0.000403535967555105
"1061",0.000403554673970736
"1062",0.000403577173014413
"1063",0.000403583610120229
"1064",0.000403584213025292
"1065",0.000403578118526699
"1066",0.000403568591137039
"1067",0.000403551047177698
"1068",0.000403549686569715
"1069",0.000403564508890864
"1070",0.00040355779679275
"1071",0.000403559605745641
"1072",0.00040355548160587
"1073",0.000403571476793369
"1074",0.000403591647363327
"1075",0.000403598533989688
"1076",0.000403579044072879
"1077",0.000403575672015469
"1078",0.000403587686843864
"1079",0.000403600901731918
"1080",0.000403608424963635
"1081",0.000403609638460364
"1082",0.000403604225361558
"1083",0.000403598872916251
"1084",0.000403613373706426
"1085",0.000403621171986037
"1086",0.000403630243599267
"1087",0.000403630418103362
"1088",0.000403660792565407
"1089",0.000403683613865172
"1090",0.000403674714036104
"1091",0.000403694804596798
"1092",0.000403711033446972
"1093",0.000403708534488634
"1094",0.000403712922689152
"1095",0.00040371071218147
"1096",0.000403729172422529
"1097",0.000403722647199403
"1098",0.000403728656462144
"1099",0.000403730966053766
"1100",0.000403752591185361
"1101",0.000403777282839171
"1102",0.000403776888116203
"1103",0.00040377655171706
"1104",0.000403756631193557
"1105",0.000403759237111734
"1106",0.000403767452521197
"1107",0.000403764283108203
"1108",0.000403774165675295
"1109",0.000403780340288495
"1110",0.000403782321286213
"1111",0.000403785500343777
"1112",0.000403807366011001
"1113",0.000403814103161015
"1114",0.000403822019280348
"1115",0.000403812022641254
"1116",0.000403812010352678
"1117",0.000403805957721861
"1118",0.00040379457310738
"1119",0.000403766017771251
"1120",0.000403757632762104
"1121",0.000403758267514522
"1122",0.000403753476150505
"1123",0.000403750324741348
"1124",0.000403761854051362
"1125",0.00040376181410087
"1126",0.000403770950462418
"1127",0.000403783287309442
"1128",0.000403788404606715
"1129",0.000403773321321164
"1130",0.000403772933249187
"1131",0.00040377490432977
"1132",0.000403793226971334
"1133",0.000403789685459021
"1134",0.000403799857547861
"1135",0.000403808647244323
"1136",0.000403810382410271
"1137",0.000403802275934157
"1138",0.000403800471173649
"1139",0.000403809513287166
"1140",0.000403806254628087
"1141",0.000403811038868847
"1142",0.000403815632384409
"1143",0.000403835656604369
"1144",0.000403846917232675
"1145",0.000403859220958272
"1146",0.000403873180028361
"1147",0.000403898833908129
"1148",0.000403956590063267
"1149",0.00040398826119924
"1150",0.000403997033457965
"1151",0.000404005890176657
"1152",0.000404001318099578
"1153",0.000403987189897811
"1154",0.000403973799941589
"1155",0.00040396832191134
"1156",0.000403978631828612
"1157",0.000403982330442843
"1158",0.000403985576120234
"1159",0.000403992023702439
"1160",0.000404001960073864
"1161",0.00040399308899874
"1162",0.000403999663030823
"1163",0.000403995910029898
"1164",0.000404005913199148
"1165",0.000404007986484268
"1166",0.000404014261546417
"1167",0.000404019604745333
"1168",0.000404013452194988
"1169",0.00040401860714131
"1170",0.000404039574438113
"1171",0.000404048635538559
"1172",0.000404021703494527
"1173",0.00040402611552402
"1174",0.000404055513665483
"1175",0.000404076852833504
"1176",0.000404082698223337
"1177",0.000404104324347333
"1178",0.000404128309544086
"1179",0.00040413045076477
"1180",0.000404129076853926
"1181",0.000404122901912684
"1182",0.00040409720166561
"1183",0.00040409154026955
"1184",0.000404108082168991
"1185",0.000404121015837404
"1186",0.000404121209635286
"1187",0.00040411915108549
"1188",0.000404124125656441
"1189",0.00040413256052937
"1190",0.000404136909220888
"1191",0.000404139519251787
"1192",0.000404144380557602
"1193",0.000404151851081133
"1194",0.000404149345840045
"1195",0.000404158239882388
"1196",0.000404172696182731
"1197",0.000404179755971906
"1198",0.000404179599516487
"1199",0.000404186649107205
"1200",0.000404193825909799
"1201",0.000404190631039117
"1202",0.000404194677957193
"1203",0.000404209506119188
"1204",0.000404203103503757
"1205",0.00040419691060886
"1206",0.000404169993657607
"1207",0.00040415820748611
"1208",0.000404165643925219
"1209",0.000404174992768343
"1210",0.000404177946061016
"1211",0.000404166833163624
"1212",0.000404164535607139
"1213",0.000404180493339434
"1214",0.000404190716218825
"1215",0.000404200761549703
"1216",0.00040421001759062
"1217",0.000404214122935041
"1218",0.000404215429823095
"1219",0.000404225285586753
"1220",0.000404234232900139
"1221",0.000404246131627158
"1222",0.000404262819280835
"1223",0.000404276463558458
"1224",0.000404278448980542
"1225",0.000404261535434187
"1226",0.000404261181998067
"1227",0.000404287958881479
"1228",0.000404298847858758
"1229",0.000404312137360442
"1230",0.000404329578635726
"1231",0.000404352704602957
"1232",0.00040435404461844
"1233",0.000404359557713962
"1234",0.000404368402896443
"1235",0.000404379917978923
"1236",0.000404383530855059
"1237",0.000404391480338305
"1238",0.000404415929952107
"1239",0.000404413044772155
"1240",0.000404413626881811
"1241",0.000404423332152046
"1242",0.000404424869834533
"1243",0.000404433424363459
"1244",0.000404449338969739
"1245",0.000404461207924903
"1246",0.000404466695632914
"1247",0.000404485412968063
"1248",0.000404491232348348
"1249",0.000404514315688631
"1250",0.000404533289617841
"1251",0.000404544507273359
"1252",0.000404568087027009
"1253",0.000404586014415764
"1254",0.000404596485864587
"1255",0.000404610639598854
"1256",0.000404631290034183
"1257",0.000404649964090101
"1258",0.000404669438901532
"1259",0.000404684157626687
"1260",0.000404693751981244
"1261",0.000404722839890205
"1262",0.000404755860051222
"1263",0.000404786347013159
"1264",0.000404814955740717
"1265",0.000404841942557656
"1266",0.000404851885075469
"1267",0.000404853696796557
"1268",0.000404845269990609
"1269",0.000404857151729016
"1270",0.000404865137093162
"1271",0.000404866358914744
"1272",0.000404872640406131
"1273",0.00040487357542946
"1274",0.000404885993333211
"1275",0.000404879510773007
"1276",0.000404877576958326
"1277",0.000404887502394185
"1278",0.000404896035062432
"1279",0.000404911460015563
"1280",0.000404933448836237
"1281",0.000404934082835835
"1282",0.000404933383244898
"1283",0.000404935984438408
"1284",0.000404942796795369
"1285",0.000404957874621688
"1286",0.00040496532656848
"1287",0.000404974875911391
"1288",0.000404981733262516
"1289",0.000404993229591554
"1290",0.000405012860516819
"1291",0.000405018023173433
"1292",0.000405031523800825
"1293",0.000405044096016138
"1294",0.000405050998348658
"1295",0.000405058807021995
"1296",0.000405067439134475
"1297",0.00040509241674488
"1298",0.000405097306503598
"1299",0.000405108664209438
"1300",0.000405116853325136
"1301",0.000405133997419603
"1302",0.000405141777993415
"1303",0.000405134826466701
"1304",0.000405136132325747
"1305",0.000405127690916206
"1306",0.000405142914837124
"1307",0.00040516241184432
"1308",0.000405173088074614
"1309",0.000405175403548324
"1310",0.000405202242503772
"1311",0.000405218304937315
"1312",0.000405214066222671
"1313",0.000405212125104051
"1314",0.000405238367078362
"1315",0.000405244554728313
"1316",0.000405244127938259
"1317",0.000405252016335627
"1318",0.000405264147483137
"1319",0.0004052774623417
"1320",0.000405287628813022
"1321",0.000405302409218693
"1322",0.000405310522658806
"1323",0.000405329302065297
"1324",0.000405329177626538
"1325",0.000405317861435761
"1326",0.000405325296833619
"1327",0.000405326687321943
"1328",0.000405319309425024
"1329",0.000405327542900853
"1330",0.000405321728967454
"1331",0.000405323226557781
"1332",0.000405357343117101
"1333",0.000405367743723361
"1334",0.000405367470181347
"1335",0.000405360479407201
"1336",0.000405358039241325
"1337",0.000405379668423073
"1338",0.000405403196565276
"1339",0.000405392849970353
"1340",0.000405396040617904
"1341",0.00040539029446782
"1342",0.000405392216010705
"1343",0.000405385939363502
"1344",0.000405391465847095
"1345",0.000405414271533556
"1346",0.000405437290225042
"1347",0.000405446527705902
"1348",0.000405446215187381
"1349",0.000405448544151932
"1350",0.000405470504629513
"1351",0.00040548807775923
"1352",0.000405500761055304
"1353",0.000405501290427002
"1354",0.000405513773777977
"1355",0.000405531118864005
"1356",0.000405541748504469
"1357",0.000405530136015645
"1358",0.000405529616561397
"1359",0.000405531055877098
"1360",0.000405534591221048
"1361",0.000405539792729979
"1362",0.000405534939390305
"1363",0.000405549395964639
"1364",0.000405558933973932
"1365",0.000405578380961117
"1366",0.000405599426998934
"1367",0.000405622746977152
"1368",0.000405632687346845
"1369",0.000405624722534092
"1370",0.000405639426794291
"1371",0.000405631816259172
"1372",0.000405626642477407
"1373",0.000405632470818854
"1374",0.000405649773468983
"1375",0.000405662069830022
"1376",0.000405665200771745
"1377",0.000405677458616572
"1378",0.000405711907099272
"1379",0.000405723872940678
"1380",0.00040572563669625
"1381",0.00040574434011659
"1382",0.000405762179473873
"1383",0.000405759861228232
"1384",0.000405752912914096
"1385",0.000405761810369419
"1386",0.000405769813157065
"1387",0.000405759360754241
"1388",0.000405773463180571
"1389",0.00040578507465323
"1390",0.000405792906498652
"1391",0.000405803689400875
"1392",0.000405813684733446
"1393",0.000405834301502009
"1394",0.000405846119877383
"1395",0.000405870356330074
"1396",0.000405866997522976
"1397",0.000405877368921032
"1398",0.000405855427931461
"1399",0.000405841594230595
"1400",0.000405841989160664
"1401",0.000405842312511259
"1402",0.0004058455952038
"1403",0.000405827874175116
"1404",0.000405834139092162
"1405",0.00040584195602521
"1406",0.000405840968758695
"1407",0.000405852490295747
"1408",0.000405844341162222
"1409",0.000405852948300342
"1410",0.000405851211319868
"1411",0.000405841354601736
"1412",0.000405840310012597
"1413",0.000405844233933343
"1414",0.000405842870042468
"1415",0.000405841822418643
"1416",0.00040584432706223
"1417",0.000405874460102662
"1418",0.000405936248764549
"1419",0.000405948163587435
"1420",0.000405966304440707
"1421",0.000405980819827637
"1422",0.000405988831316722
"1423",0.000406003856771305
"1424",0.000405991660148447
"1425",0.000405986026655562
"1426",0.000405990227460706
"1427",0.000405994952739137
"1428",0.000405992163248644
"1429",0.000405991515578253
"1430",0.000405991826567832
"1431",0.000406003722604053
"1432",0.000406000965209608
"1433",0.000406003004402948
"1434",0.000405993742895117
"1435",0.000405986097060866
"1436",0.000406003671894663
"1437",0.000406011031797759
"1438",0.000406008484062987
"1439",0.000405993912106668
"1440",0.000406003992466558
"1441",0.000406014540406596
"1442",0.000406022112936148
"1443",0.000406040333560034
"1444",0.000406062248740703
"1445",0.000406066032826603
"1446",0.000406061320370988
"1447",0.000406070081395756
"1448",0.000406087725705016
"1449",0.000406091287658803
"1450",0.000406107082055875
"1451",0.000406119787260922
"1452",0.000406124297436564
"1453",0.000406133619004892
"1454",0.000406126699072547
"1455",0.000406116817915443
"1456",0.000406117335188077
"1457",0.000406118335476931
"1458",0.000406109278540155
"1459",0.000406118530047104
"1460",0.000406116066067259
"1461",0.000406128836797096
"1462",0.000406143284097088
"1463",0.000406145498552123
"1464",0.000406144565059487
"1465",0.000406169084800548
"1466",0.00040618167545581
"1467",0.000406155550081166
"1468",0.000406157125829797
"1469",0.000406170661105435
"1470",0.000406175559274576
"1471",0.000406193024952431
"1472",0.000406194577420073
"1473",0.000406195360604964
"1474",0.000406188333972285
"1475",0.000406201328495783
"1476",0.000406204776946313
"1477",0.000406192621656819
"1478",0.000406207450109488
"1479",0.000406204391327923
"1480",0.000406196616815523
"1481",0.000406187590067072
"1482",0.000406203791336527
"1483",0.000406205156658084
"1484",0.000406218401760456
"1485",0.000406186922868019
"1486",0.000406173646273626
"1487",0.000406187010511391
"1488",0.000406186630622497
"1489",0.00040621045153231
"1490",0.000406224069162863
"1491",0.00040623908609892
"1492",0.000406232676518061
"1493",0.000406237847141439
"1494",0.000406241682814014
"1495",0.000406267484805782
"1496",0.000406286729946211
"1497",0.000406304532093456
"1498",0.000406306583166861
"1499",0.000406288496878871
"1500",0.000406301843265645
"1501",0.000406322317989416
"1502",0.000406326843716493
"1503",0.000406330412154409
"1504",0.000406318987307873
"1505",0.000406297450243103
"1506",0.000406296032572947
"1507",0.000406314141882902
"1508",0.000406319792035899
"1509",0.000406330457806968
"1510",0.000406352750040992
"1511",0.000406368287086657
"1512",0.000406380433438996
"1513",0.00040635847037614
"1514",0.000406362189961579
"1515",0.000406381128114775
"1516",0.000406382685380574
"1517",0.000406392425407892
"1518",0.000406418727987095
"1519",0.000406425222050537
"1520",0.000406435333803001
"1521",0.000406427312610436
"1522",0.000406417296768698
"1523",0.000406422903156763
"1524",0.000406426508829142
"1525",0.000406424850377206
"1526",0.000406430218774299
"1527",0.000406435084103293
"1528",0.000406435585629568
"1529",0.000406445733333001
"1530",0.000406453868852473
"1531",0.000406450756081313
"1532",0.000406457098195525
"1533",0.00040645409655845
"1534",0.000406467853270994
"1535",0.000406464785508479
"1536",0.000406443218581407
"1537",0.000406448043119716
"1538",0.000406442912695418
"1539",0.000406438185813613
"1540",0.00040645774707952
"1541",0.000406480496221326
"1542",0.000406493663480982
"1543",0.000406500865851947
"1544",0.000406521292889951
"1545",0.000406526227657665
"1546",0.000406526963203967
"1547",0.000406534491635555
"1548",0.000406530312486567
"1549",0.00040652640312074
"1550",0.00040652118843666
"1551",0.000406523152290385
"1552",0.000406513305921904
"1553",0.000406512701139578
"1554",0.000406522307923375
"1555",0.00040654453076055
"1556",0.000406545948975343
"1557",0.000406560758910108
"1558",0.000406570361627523
"1559",0.000406570296884441
"1560",0.000406568646753103
"1561",0.000406583162093936
"1562",0.000406593229485853
"1563",0.000406590321223564
"1564",0.00040659722114696
"1565",0.000406613700902725
"1566",0.000406624807379389
"1567",0.000406636739258019
"1568",0.000406650599407756
"1569",0.000406659050502313
"1570",0.000406644279894714
"1571",0.000406645471715606
"1572",0.000406635073154942
"1573",0.000406641274659404
"1574",0.000406643452394012
"1575",0.000406646227831757
"1576",0.000406648391135844
"1577",0.000406652833008867
"1578",0.000406662825854254
"1579",0.000406669113311897
"1580",0.000406669499299784
"1581",0.000406671927077844
"1582",0.000406685758559827
"1583",0.000406700515384062
"1584",0.000406712820192963
"1585",0.00040674165608347
"1586",0.000406754453775268
"1587",0.000406763506212724
"1588",0.000406761061398217
"1589",0.000406778470943916
"1590",0.000406792955851816
"1591",0.00040681338753688
"1592",0.000406830329444055
"1593",0.000406832884442257
"1594",0.00040683258079061
"1595",0.000406832049947856
"1596",0.000406849352156147
"1597",0.000406874042202713
"1598",0.00040687949307709
"1599",0.00040688784888648
"1600",0.000406911150314518
"1601",0.000406929679936855
"1602",0.000406945070112981
"1603",0.000406947136764416
"1604",0.000406957082167457
"1605",0.000406969521207327
"1606",0.000406990717595985
"1607",0.000407007139643051
"1608",0.000407032612125525
"1609",0.000407056207908637
"1610",0.00040706956316825
"1611",0.000407079301356617
"1612",0.000407082413483865
"1613",0.000407077029607115
"1614",0.000407086708016898
"1615",0.000407098433969827
"1616",0.000407110947079534
"1617",0.000407132469641313
"1618",0.000407153386355117
"1619",0.000407165939066787
"1620",0.000407170477432404
"1621",0.000407189997420322
"1622",0.000407208698367263
"1623",0.000407215387774002
"1624",0.00040722402396099
"1625",0.000407230587559358
"1626",0.000407248696333263
"1627",0.000407259771592074
"1628",0.000407269462048928
"1629",0.00040728909465542
"1630",0.000407309735448617
"1631",0.000407321473582579
"1632",0.000407333099196232
"1633",0.000407362610201961
"1634",0.000407394163437284
"1635",0.000407419447904131
"1636",0.000407439353237041
"1637",0.000407473546506681
"1638",0.000407491273710955
"1639",0.000407525126888059
"1640",0.000407561246105059
"1641",0.000407577019930502
"1642",0.000407582644173053
"1643",0.000407583688092773
"1644",0.000407584649105408
"1645",0.000407594784104247
"1646",0.000407603738526835
"1647",0.000407621393759976
"1648",0.000407638352554248
"1649",0.000407668581681663
"1650",0.00040770954880025
"1651",0.000407723999633293
"1652",0.000407730168631625
"1653",0.0004077408396839
"1654",0.000407737676142458
"1655",0.000407749241704021
"1656",0.000407759730617595
"1657",0.000407768197287668
"1658",0.000407773957850682
"1659",0.000407771631948663
"1660",0.000407780729393684
"1661",0.000407792748232313
"1662",0.000407797090037958
"1663",0.000407807803489523
"1664",0.000407828232368746
"1665",0.000407841700346731
"1666",0.000407839877694366
"1667",0.000407847628790762
"1668",0.000407854761469113
"1669",0.000407861137326892
"1670",0.000407852768939894
"1671",0.000407860151783163
"1672",0.000407864352713752
"1673",0.000407874605153433
"1674",0.000407883220256505
"1675",0.000407897210691668
"1676",0.000407900897820386
"1677",0.000407902509060738
"1678",0.000407921017671078
"1679",0.000407930128245431
"1680",0.000407929132065702
"1681",0.000407948119734856
"1682",0.000407943391496207
"1683",0.00040794508247294
"1684",0.000407954972044576
"1685",0.000407953040417025
"1686",0.000407941054951243
"1687",0.000407937694525766
"1688",0.000407950759989251
"1689",0.000407977321332714
"1690",0.000407990999962114
"1691",0.000407995995732066
"1692",0.000408008168494089
"1693",0.000408022847588984
"1694",0.000408026700533583
"1695",0.000408020868668995
"1696",0.000408017963310855
"1697",0.000408010685840348
"1698",0.000407986816469054
"1699",0.000407999919162194
"1700",0.000407992587093983
"1701",0.000408000133641344
"1702",0.000408005368685173
"1703",0.000408007160587306
"1704",0.000408013413963501
"1705",0.000408010520659721
"1706",0.000408020308152931
"1707",0.000408036647127964
"1708",0.000408044451136407
"1709",0.000408051504556817
"1710",0.000408050808846238
"1711",0.00040803882820485
"1712",0.000408033566412097
"1713",0.000408039515005427
"1714",0.000408044213947977
"1715",0.000408049879833621
"1716",0.000408053517229163
"1717",0.000408054001926503
"1718",0.000408067709032958
"1719",0.000408097026144703
"1720",0.000408127695060714
"1721",0.000408134165279824
"1722",0.000408117652507174
"1723",0.000408089726589812
"1724",0.000408093253340914
"1725",0.000408104946232398
"1726",0.000408120772168006
"1727",0.000408133624486298
"1728",0.000408139637475405
"1729",0.000408143249498302
"1730",0.000408153803295374
"1731",0.000408166305101755
"1732",0.000408161772473064
"1733",0.000408179582766017
"1734",0.000408204807789826
"1735",0.000408224937542265
"1736",0.000408225183429831
"1737",0.000408224321245393
"1738",0.00040825072353591
"1739",0.000408259658952483
"1740",0.000408274358916136
"1741",0.000408273589044503
"1742",0.000408289491779654
"1743",0.000408312983534981
"1744",0.000408324249917037
"1745",0.00040836089146263
"1746",0.000408383901634932
"1747",0.000408394989742868
"1748",0.000408403780635033
"1749",0.000408420790048284
"1750",0.000408429674817616
"1751",0.000408437729519251
"1752",0.000408451101276155
"1753",0.00040846464269294
"1754",0.000408485544610185
"1755",0.0004084824836015
"1756",0.000408494872199416
"1757",0.000408497146021136
"1758",0.000408517591057986
"1759",0.00040850642459365
"1760",0.00040849272809106
"1761",0.000408511409797284
"1762",0.000408519362989728
"1763",0.000408531744285688
"1764",0.000408555768491857
"1765",0.000408578275043997
"1766",0.00040857903884406
"1767",0.000408553393088432
"1768",0.000408586223101687
"1769",0.000408601338945227
"1770",0.000408618449465405
"1771",0.000408629949261887
"1772",0.000408626381783541
"1773",0.000408630366682863
"1774",0.000408639652997911
"1775",0.000408636272762762
"1776",0.000408613867577586
"1777",0.000408597875352118
"1778",0.000408583014401205
"1779",0.000408601299006218
"1780",0.000408625602112684
"1781",0.000408638018595942
"1782",0.000408661229024675
"1783",0.000408677807527965
"1784",0.000408694776678665
"1785",0.000408700765696772
"1786",0.000408680805826285
"1787",0.000408689240566305
"1788",0.000408719204013161
"1789",0.000408718179803449
"1790",0.000408732525021666
"1791",0.000408759954637111
"1792",0.000408754762219603
"1793",0.000408748445431001
"1794",0.000408732737098526
"1795",0.000408739076530144
"1796",0.000408755084984074
"1797",0.000408761225452314
"1798",0.000408745833681678
"1799",0.000408756154087347
"1800",0.000408774208233787
"1801",0.00040878119039523
"1802",0.00040881382854185
"1803",0.000408811935522773
"1804",0.000408808837525666
"1805",0.00040884302709818
"1806",0.000408854727486122
"1807",0.000408854507507152
"1808",0.000408850649276464
"1809",0.000408848387951567
"1810",0.000408831625994051
"1811",0.000408838854324695
"1812",0.000408829919313669
"1813",0.000408831666798797
"1814",0.00040880548560381
"1815",0.00040879694662657
"1816",0.000408802561513721
"1817",0.000408809644666868
"1818",0.000408808694878904
"1819",0.000408803869312873
"1820",0.00040881212833516
"1821",0.000408821061124656
"1822",0.000408836054120909
"1823",0.000408832962944316
"1824",0.000408824040862395
"1825",0.000408823008840883
"1826",0.000408824863136121
"1827",0.00040883432117367
"1828",0.000408842233371574
"1829",0.000408879274157743
"1830",0.000408900278357894
"1831",0.000408907511874483
"1832",0.000408911039045018
"1833",0.000408918791387399
"1834",0.000408927802335686
"1835",0.000408925035866673
"1836",0.000408929998815362
"1837",0.000408938351243875
"1838",0.000408948516555297
"1839",0.000408959271300623
"1840",0.000408954275005369
"1841",0.00040895886083461
"1842",0.000408972142493825
"1843",0.000408983578227292
"1844",0.000408971792900486
"1845",0.000408969276815109
"1846",0.000408992394462022
"1847",0.000408991760044383
"1848",0.000409001629966902
"1849",0.000409015119905708
"1850",0.000409028298062026
"1851",0.000409039832826006
"1852",0.000409050527779527
"1853",0.000409058244368689
"1854",0.000409066049089126
"1855",0.00040908411227363
"1856",0.000409088129080641
"1857",0.000409092937344113
"1858",0.00040908823189988
"1859",0.000409109614355861
"1860",0.000409111702889498
"1861",0.000409132697274269
"1862",0.000409163214366738
"1863",0.000409179325953756
"1864",0.000409202130468975
"1865",0.000409208078441633
"1866",0.000409213910477027
"1867",0.000409218470006962
"1868",0.000409212721498592
"1869",0.000409191584038306
"1870",0.000409181407706938
"1871",0.000409193807342804
"1872",0.000409198299840003
"1873",0.000409204858919057
"1874",0.000409219150973636
"1875",0.000409230695179803
"1876",0.00040922752959929
"1877",0.000409241339291958
"1878",0.000409230508764655
"1879",0.000409198409750051
"1880",0.000409181638096283
"1881",0.000409200542407547
"1882",0.000409200288366805
"1883",0.000409213394450623
"1884",0.000409223303183798
"1885",0.00040921584077122
"1886",0.000409216468397659
"1887",0.000409221436338167
"1888",0.000409237280413283
"1889",0.000409233621541851
"1890",0.000409217739926453
"1891",0.000409206698424921
"1892",0.000409197245591287
"1893",0.000409185555775766
"1894",0.000409183661451313
"1895",0.000409200195197443
"1896",0.000409212710091801
"1897",0.00040918421276021
"1898",0.000409187251367983
"1899",0.000409220295313418
"1900",0.000409222791441689
"1901",0.000409192630372772
"1902",0.000409170208619711
"1903",0.000409172372944297
"1904",0.000409169364240002
"1905",0.000409166452965081
"1906",0.000409164849817782
"1907",0.000409160399516056
"1908",0.000409153453246502
"1909",0.000409143458281931
"1910",0.000409154719249451
"1911",0.000409162383202968
"1912",0.000409161347855155
"1913",0.000409169060761713
"1914",0.000409192020456358
"1915",0.000409200555184512
"1916",0.000409213183518096
"1917",0.000409197661163436
"1918",0.000409186650076972
"1919",0.000409193538251085
"1920",0.000409204780389404
"1921",0.000409218682766227
"1922",0.000409221805676765
"1923",0.000409216822218002
"1924",0.000409209872239981
"1925",0.000409213633634855
"1926",0.00040921669829108
"1927",0.000409211395468471
"1928",0.000409211444397951
"1929",0.0004092204497998
"1930",0.000409226905111244
"1931",0.000409221043219725
"1932",0.00040920878002715
"1933",0.000409207640340683
"1934",0.000409212119175499
"1935",0.000409219909995889
"1936",0.00040921099359063
"1937",0.000409215906299018
"1938",0.00040921046621065
"1939",0.000409212545531014
"1940",0.000409216979772082
"1941",0.000409218529908338
"1942",0.000409235523566471
"1943",0.000409242946513562
"1944",0.000409254355171308
"1945",0.00040924598508033
"1946",0.000409244824652538
"1947",0.000409229639343446
"1948",0.000409224837396153
"1949",0.000409230460551349
"1950",0.000409225368328897
"1951",0.000409226510881305
"1952",0.000409233580463076
"1953",0.000409243548946117
"1954",0.00040925142239705
"1955",0.000409263516264033
"1956",0.000409277541432657
"1957",0.000409282663335048
"1958",0.000409281203171037
"1959",0.00040929271709913
"1960",0.000409296031321865
"1961",0.00040929226140184
"1962",0.000409299510678747
"1963",0.000409313526422351
"1964",0.000409325242517256
"1965",0.000409330819432094
"1966",0.00040934083646437
"1967",0.000409355160989419
"1968",0.00040936865846066
"1969",0.000409389266534271
"1970",0.000409399325339063
"1971",0.000409410476928082
"1972",0.000409420531863161
"1973",0.000409418566072645
"1974",0.000409427854302919
"1975",0.000409434080905232
"1976",0.000409445103822351
"1977",0.000409456436265184
"1978",0.000409469428255987
"1979",0.00040947252316659
"1980",0.000409486608993595
"1981",0.000409501559910436
"1982",0.00040951296409479
"1983",0.000409539235361437
"1984",0.000409563722938859
"1985",0.000409574844846434
"1986",0.000409570022495286
"1987",0.00040957797266299
"1988",0.000409586508082406
"1989",0.000409598078701953
"1990",0.000409613891157958
"1991",0.000409625715437722
"1992",0.000409634755111789
"1993",0.000409655287204319
"1994",0.000409674506557307
"1995",0.000409692041145649
"1996",0.000409705944755438
"1997",0.000409742077495103
"1998",0.000409762772159076
"1999",0.000409773293170021
"2000",0.000409784275391024
"2001",0.000409799194644685
"2002",0.000409820428642505
"2003",0.000409836529745139
"2004",0.000409847687557097
"2005",0.00040986738137097
"2006",0.000409878947943152
"2007",0.000409887065604475
"2008",0.0004099019150093
"2009",0.00040991214794527
"2010",0.000409924500247142
"2011",0.000409927561024544
"2012",0.000409941169604706
"2013",0.000409952709319368
"2014",0.000409947894921693
"2015",0.000409952285515706
"2016",0.000409954177014386
"2017",0.000409968383608428
"2018",0.000409990479461174
"2019",0.000410015724017139
"2020",0.000410026952087703
"2021",0.000410031855637287
"2022",0.000410025954877884
"2023",0.000410026222203623
"2024",0.00041003252220342
"2025",0.000410044661837422
"2026",0.000410052988531673
"2027",0.000410061177060267
"2028",0.000410077000641152
"2029",0.000410091369321565
"2030",0.000410098653328054
"2031",0.000410112237975604
"2032",0.000410114905978312
"2033",0.000410116360444791
"2034",0.000410105696492992
"2035",0.000410089597325306
"2036",0.000410087072124293
"2037",0.000410082118844151
"2038",0.000410090567578399
"2039",0.000410101782438889
"2040",0.000410108393124335
"2041",0.000410113944438625
"2042",0.000410130834145258
"2043",0.000410146348013114
"2044",0.00041016636596512
"2045",0.000410173290784012
"2046",0.000410171720715289
"2047",0.000410176426719892
"2048",0.000410193522123731
"2049",0.000410202813938459
"2050",0.000410208599112787
"2051",0.000410227980509333
"2052",0.00041023752992929
"2053",0.000410231439586058
"2054",0.000410226893860459
"2055",0.000410217349145421
"2056",0.000410213526092361
"2057",0.000410217514478359
"2058",0.000410220315256056
"2059",0.000410233296803968
"2060",0.000410227987779429
"2061",0.000410219950733171
"2062",0.000410233796926012
"2063",0.000410240250625882
"2064",0.000410226833782967
"2065",0.000410238377878167
"2066",0.000410246057610007
"2067",0.000410250711912507
"2068",0.000410251892890818
"2069",0.000410255035691562
"2070",0.000410266682208345
"2071",0.000410285747734667
"2072",0.000410296615962943
"2073",0.000410300318926442
"2074",0.000410311238174565
"2075",0.000410326833014005
"2076",0.000410341234671073
"2077",0.000410344414249894
"2078",0.000410357735531064
"2079",0.000410353765614606
"2080",0.00041036644094587
"2081",0.000410382126496102
"2082",0.000410367809064371
"2083",0.000410361821925306
"2084",0.000410376566648631
"2085",0.000410396698692007
"2086",0.000410422443083527
"2087",0.000410434846146331
"2088",0.00041043403215904
"2089",0.000410460236724139
"2090",0.000410472484753232
"2091",0.000410467524636632
"2092",0.000410475286349491
"2093",0.000410491947846124
"2094",0.000410493284329499
"2095",0.000410484038855421
"2096",0.000410490918194378
"2097",0.000410508388648516
"2098",0.000410506316959721
"2099",0.000410522891859191
"2100",0.000410549888201538
"2101",0.000410575966453373
"2102",0.000410578530604586
"2103",0.000410596081048892
"2104",0.000410611636839135
"2105",0.000410621154461917
"2106",0.000410646898268985
"2107",0.000410642227969968
"2108",0.000410654421225144
"2109",0.000410653956522132
"2110",0.000410671361096945
"2111",0.000410679825117117
"2112",0.000410677199563498
"2113",0.00041067672921282
"2114",0.00041070248490219
"2115",0.000410725336571484
"2116",0.000410730865697965
"2117",0.000410747256974004
"2118",0.000410766141181749
"2119",0.000410784160347641
"2120",0.000410797322665058
"2121",0.000410804922434786
"2122",0.000410818632602932
"2123",0.000410826480542825
"2124",0.000410826273707593
"2125",0.00041082883216637
"2126",0.000410816808684131
"2127",0.000410829787434085
"2128",0.000410849695593113
"2129",0.000410871217027761
"2130",0.000410877694701562
"2131",0.000410894135730626
"2132",0.000410892576171377
"2133",0.000410909130775899
"2134",0.000410925659784514
"2135",0.000410929799603927
"2136",0.000410940238272174
"2137",0.000410939795557867
"2138",0.000410946403174815
"2139",0.000410935694042719
"2140",0.000410950059298466
"2141",0.000410965510619265
"2142",0.000410983254063902
"2143",0.000411016212589521
"2144",0.000411027317558143
"2145",0.000411040433197762
"2146",0.000411049475138101
"2147",0.000411070184985794
"2148",0.000411079492022516
"2149",0.000411086158452965
"2150",0.000411095941973067
"2151",0.000411120615087934
"2152",0.000411142484523678
"2153",0.000411129654126256
"2154",0.000411126612360586
"2155",0.000411123517803505
"2156",0.000411120178469795
"2157",0.000411112738680027
"2158",0.000411104314090065
"2159",0.000411133788995617
"2160",0.000411154117682884
"2161",0.000411179728728503
"2162",0.000411173416992403
"2163",0.000411161348437701
"2164",0.00041116152581335
"2165",0.00041118814979665
"2166",0.000411188368932845
"2167",0.00041119851756929
"2168",0.000411215106233245
"2169",0.000411203713303468
"2170",0.000411213292859442
"2171",0.00041120819550709
"2172",0.000411204643874934
"2173",0.000411200166352507
"2174",0.000411207613372207
"2175",0.000411200619022856
"2176",0.000411186766397494
"2177",0.000411177844524065
"2178",0.000411170455108979
"2179",0.000411168668732936
"2180",0.00041116948187033
"2181",0.000411179697798044
"2182",0.000411182128603842
"2183",0.000411183647254916
"2184",0.000411167993769016
"2185",0.000411172115331711
"2186",0.000411185827670063
"2187",0.0004111866813201
"2188",0.000411194444594702
"2189",0.000411215118366191
"2190",0.000411198848857585
"2191",0.000411198133939127
"2192",0.000411191562245128
"2193",0.000411204205252378
"2194",0.000411228440416754
"2195",0.000411241936672648
"2196",0.000411221503436128
"2197",0.000411209425982268
"2198",0.000411209075702689
"2199",0.000411206008172123
"2200",0.000411199060641512
"2201",0.000411193812541876
"2202",0.000411202259106864
"2203",0.000411182748519602
"2204",0.00041118469527326
"2205",0.00041117862461087
"2206",0.000411192975690065
"2207",0.000411185756387124
"2208",0.000411190205050333
"2209",0.000411186582748657
"2210",0.000411187006769121
"2211",0.000411202794148979
"2212",0.000411211016526696
"2213",0.000411239311577581
"2214",0.000411251406437285
"2215",0.000411255086619763
"2216",0.000411250103106286
"2217",0.000411251194232394
"2218",0.000411253718925129
"2219",0.000411244520112275
"2220",0.00041124770891257
"2221",0.000411252815447245
"2222",0.000411251650471069
"2223",0.000411251957404807
"2224",0.000411256606231248
"2225",0.000411275916475117
"2226",0.000411288398860169
"2227",0.000411293543389834
"2228",0.000411296659781459
"2229",0.00041129997344473
"2230",0.000411308046331374
"2231",0.000411327702341055
"2232",0.000411327192790822
"2233",0.00041132755163931
"2234",0.000411336624615321
"2235",0.000411330434310544
"2236",0.000411323580337153
"2237",0.000411318362775102
"2238",0.000411307647449481
"2239",0.000411308852103375
"2240",0.000411316076323041
"2241",0.000411308143080439
"2242",0.000411299920191622
"2243",0.000411291741938042
"2244",0.000411285457701593
"2245",0.000411273001615852
"2246",0.000411271325825452
"2247",0.000411265266526475
"2248",0.000411277738451292
"2249",0.000411269016418496
"2250",0.000411267512878487
"2251",0.000411276631463993
"2252",0.000411276302760411
"2253",0.000411261655887505
"2254",0.000411252332384263
"2255",0.000411247527438228
"2256",0.000411239501333683
"2257",0.000411257807284705
"2258",0.000411270784445242
"2259",0.00041126277056894
"2260",0.00041124197856412
"2261",0.000411228964023054
"2262",0.000411229081639866
"2263",0.000411225870172028
"2264",0.0004112169279214
"2265",0.000411223868903364
"2266",0.000411228483323975
"2267",0.00041122419949757
"2268",0.000411222635709019
"2269",0.000411243542416739
"2270",0.000411255697932386
"2271",0.000411253326236486
"2272",0.000411243928518318
"2273",0.000411255688359836
"2274",0.000411249856055296
"2275",0.000411252414825821
"2276",0.000411267459823265
"2277",0.000411287072309768
"2278",0.000411272641437735
"2279",0.000411251946606265
"2280",0.000411248377054234
"2281",0.000411237267620211
"2282",0.000411234823885655
"2283",0.000411241219947239
"2284",0.000411243602758421
"2285",0.000411231403057152
"2286",0.000411208401962143
"2287",0.000411218055727461
"2288",0.00041121553409003
"2289",0.000411216426877897
"2290",0.000411226550831002
"2291",0.000411240241313806
"2292",0.000411247030363293
"2293",0.00041125162705535
"2294",0.000411248945494771
"2295",0.000411246396837319
"2296",0.000411231845343755
"2297",0.000411237038584812
"2298",0.000411244953784429
"2299",0.000411241847265733
"2300",0.000411252626521635
"2301",0.000411258139736113
"2302",0.000411264079632085
"2303",0.000411255279422349
"2304",0.000411261693024053
"2305",0.000411271343283154
"2306",0.000411271426477563
"2307",0.000411269788985982
"2308",0.000411280147813897
"2309",0.000411289242515781
"2310",0.000411289316113422
"2311",0.000411302439900561
"2312",0.000411310042098854
"2313",0.000411324654483857
"2314",0.000411341091983748
"2315",0.000411353410066267
"2316",0.000411357582292186
"2317",0.00041135710094557
"2318",0.000411342081115559
"2319",0.000411339391898183
"2320",0.000411338546702808
"2321",0.000411346467555567
"2322",0.000411362881840838
"2323",0.000411375624596805
"2324",0.000411377595778336
"2325",0.000411397720964425
"2326",0.000411421797189892
"2327",0.000411438489063696
"2328",0.000411453490594215
"2329",0.000411457135353021
"2330",0.000411477927077743
"2331",0.00041147693996044
"2332",0.000411461793206364
"2333",0.000411468707013195
"2334",0.000411498036214653
"2335",0.000411511548322672
"2336",0.000411524721860258
"2337",0.00041154549209597
"2338",0.000411571020575737
"2339",0.000411598129399001
"2340",0.000411618268301624
"2341",0.000411627495281317
"2342",0.000411635849023335
"2343",0.000411651468010551
"2344",0.000411660413213998
"2345",0.000411664661920174
"2346",0.000411671608856318
"2347",0.000411687342658028
"2348",0.000411700101129509
"2349",0.000411711510888984
"2350",0.000411728874190624
"2351",0.000411753354441946
"2352",0.000411769472332262
"2353",0.000411791657134179
"2354",0.000411803695754877
"2355",0.000411823204090697
"2356",0.000411839634819066
"2357",0.000411855561393803
"2358",0.00041187075612271
"2359",0.000411877028256428
"2360",0.000411881140799689
"2361",0.000411892082571693
"2362",0.000411901397182444
"2363",0.000411905278546417
"2364",0.00041191292615227
"2365",0.000411930821012841
"2366",0.000411948860646901
"2367",0.000411962610382707
"2368",0.000411974645279791
"2369",0.000411990508553988
"2370",0.000412007628227771
"2371",0.000412030499669749
"2372",0.000412046438279062
"2373",0.000412051112710762
"2374",0.000412042863227842
"2375",0.000412059670231589
"2376",0.000412077410161982
"2377",0.00041209327770673
"2378",0.000412101543796443
"2379",0.00041211353261236
"2380",0.000412121822521767
"2381",0.000412136377877645
"2382",0.000412149200890658
"2383",0.000412156941882399
"2384",0.000412157205304779
"2385",0.000412171905233327
"2386",0.000412182277207704
"2387",0.000412191902721563
"2388",0.000412194590805245
"2389",0.000412213695718404
"2390",0.000412225024871853
"2391",0.000412225054019579
"2392",0.000412235363127717
"2393",0.00041224499477564
"2394",0.00041225776122914
"2395",0.000412275914370361
"2396",0.000412304180874543
"2397",0.000412316689814127
"2398",0.000412334485839623
"2399",0.000412349990899401
"2400",0.000412371910980714
"2401",0.00041237911766773
"2402",0.00041236473865584
"2403",0.000412370306668315
"2404",0.000412372426542915
"2405",0.000412373853863017
"2406",0.000412379236594003
"2407",0.000412387099968649
"2408",0.000412389152796105
"2409",0.000412385799761559
"2410",0.000412397080769613
"2411",0.000412407759207309
"2412",0.000412410443152484
"2413",0.000412404572282702
"2414",0.000412417448015143
"2415",0.000412427767811346
"2416",0.00041241435872897
"2417",0.000412424634472814
"2418",0.000412431796917816
"2419",0.000412432160586867
"2420",0.000412437424105826
"2421",0.00041244388672261
"2422",0.000412452193372494
"2423",0.000412451653309348
"2424",0.000412457659356823
"2425",0.000412461070734627
"2426",0.00041246882295809
"2427",0.00041247749115302
"2428",0.000412493979497027
"2429",0.000412509525139273
"2430",0.000412527246169808
"2431",0.000412526124010056
"2432",0.000412519745372115
"2433",0.000412528288437892
"2434",0.000412535150109677
"2435",0.000412531018284809
"2436",0.000412534066902223
"2437",0.000412546225297062
"2438",0.000412556129256471
"2439",0.000412559688990853
"2440",0.000412577256712104
"2441",0.000412603591647807
"2442",0.000412621263725516
"2443",0.000412631427501641
"2444",0.000412648391048325
"2445",0.000412657202610697
"2446",0.000412669487337016
"2447",0.000412667353956329
"2448",0.000412675629280252
"2449",0.000412684822770378
"2450",0.000412683248899431
"2451",0.000412683588644412
"2452",0.000412689616387232
"2453",0.000412696370151784
"2454",0.000412709843827615
"2455",0.000412749046210057
"2456",0.00041277765935207
"2457",0.000412772672672144
"2458",0.000412762513696445
"2459",0.000412755028763336
"2460",0.000412769735120702
"2461",0.000412763848455363
"2462",0.000412775245704852
"2463",0.000412789471018733
"2464",0.000412819092250377
"2465",0.000412834511047145
"2466",0.000412837788798039
"2467",0.000412847255228663
"2468",0.000412844938611348
"2469",0.000412856788951812
"2470",0.000412857658003136
"2471",0.000412876579152686
"2472",0.000412891867824643
"2473",0.000412894043432141
"2474",0.00041289432379756
"2475",0.000412909613020924
"2476",0.000412917157837509
"2477",0.000412904938118426
"2478",0.000412908100031298
"2479",0.000412918906749794
"2480",0.00041294025579622
"2481",0.00041297339987795
"2482",0.000412992763848655
"2483",0.000412999210501298
"2484",0.000412988456661033
"2485",0.000412996752819591
"2486",0.000413009139840928
"2487",0.00041304004751912
"2488",0.000413059915731391
"2489",0.000413081273646228
"2490",0.000413097388681567
"2491",0.000413095498212525
"2492",0.000413100387935234
"2493",0.000413119166927592
"2494",0.000413119355399641
"2495",0.000413122712401639
"2496",0.000413132874559804
"2497",0.000413146777980777
"2498",0.000413156313547029
"2499",0.000413177832699774
"2500",0.000413186074456419
"2501",0.000413184146828078
"2502",0.000413192817650295
"2503",0.000413201009527209
"2504",0.000413202757638206
"2505",0.000413191254960959
"2506",0.000413193141716929
"2507",0.000413189354283968
"2508",0.000413186181551586
"2509",0.000413187195960393
"2510",0.000413172697854949
"2511",0.00041317453869864
"2512",0.000413202492488014
"2513",0.000413221868532309
"2514",0.000413229345894535
"2515",0.000413246016629006
"2516",0.000413252097757777
"2517",0.000413247542733165
"2518",0.000413255568247641
"2519",0.000413256292156818
"2520",0.000413253814950003
"2521",0.000413256177468605
"2522",0.000413245343254296
"2523",0.000413261219372627
"2524",0.000413258542341692
"2525",0.000413252162444331
"2526",0.000413255270543794
"2527",0.00041325872566828
"2528",0.000413250045733527
"2529",0.000413257406590711
"2530",0.000413272337614697
"2531",0.000413284986401966
"2532",0.000413301383196733
"2533",0.000413296666165973
"2534",0.000413295011961241
"2535",0.000413295798283096
"2536",0.000413292659900572
"2537",0.000413281411498346
"2538",0.000413276174379441
"2539",0.000413289369009949
"2540",0.000413328078760804
"2541",0.000413339807481405
"2542",0.000413329113731681
"2543",0.000413344237592271
"2544",0.000413351102645313
"2545",0.00041334666011725
"2546",0.000413365524799825
"2547",0.000413375445110807
"2548",0.000413376890255561
"2549",0.000413376288963604
"2550",0.00041336905722588
"2551",0.000413348591395016
"2552",0.000413349296258015
"2553",0.000413339488191326
"2554",0.000413359506565208
"2555",0.000413346118143513
"2556",0.000413341608801856
"2557",0.00041336275239603
"2558",0.00041339083235731
"2559",0.000413400437251664
"2560",0.000413408589772904
"2561",0.000413416798306056
"2562",0.000413407643598355
"2563",0.000413410522359711
"2564",0.000413420809612686
"2565",0.00041343476275679
"2566",0.000413440464610424
"2567",0.000413444875310117
"2568",0.000413444158045902
"2569",0.00041345374671584
"2570",0.000413468633124195
"2571",0.000413472421646394
"2572",0.000413489798763284
"2573",0.000413506260162153
"2574",0.000413530732238836
"2575",0.000413545186955137
"2576",0.000413552382072124
"2577",0.000413567373611741
"2578",0.000413579570903667
"2579",0.00041358576336064
"2580",0.00041358594504892
"2581",0.000413585348241946
"2582",0.000413587106619132
"2583",0.000413595794118279
"2584",0.000413614542479819
"2585",0.000413617027580712
"2586",0.000413625702438186
"2587",0.000413645607235148
"2588",0.000413672599268878
"2589",0.000413677173054293
"2590",0.000413690795427202
"2591",0.000413708303486071
"2592",0.000413713985318472
"2593",0.000413697574735947
"2594",0.000413687577162125
"2595",0.000413707358752529
"2596",0.000413719035739201
"2597",0.000413737049534348
"2598",0.000413741763222444
"2599",0.000413726564429914
"2600",0.000413702201760199
"2601",0.000413688978668373
"2602",0.000413694486040468
"2603",0.000413698929576501
"2604",0.000413703342976867
"2605",0.000413710918797091
"2606",0.000413722731766127
"2607",0.000413736417180902
"2608",0.000413749645637468
"2609",0.000413761325036758
"2610",0.000413762313926815
"2611",0.000413748326483834
"2612",0.000413738473367916
"2613",0.000413728358739294
"2614",0.000413732787614119
"2615",0.000413747906565131
"2616",0.0004137525594768
